{"CNTR_N01/089g1": [0, 0.827125439207079], "CNTR_N01/089l1": [1, 0.090777186933951], "CNTR_N01/089m1": [2, 0.087565118362699], "CNTR_N01/089q1": [3, 0.084891482706511], "CNTR_N01/094a1": [4, 0.124636264070339], "CNTR_N01/103b1": [5, 0.120103466380994], "CNTR_N01/308s1": [6, 0.211831866448049], "CNTR_N01/308t1": [7, 0.183274980553203], "CNTR_N01/308t2": [8, 0.198185526774997], "CNTR_N01/327b2": [9, 0.116991725138829], "CNTR_N01/329f1": [10, 0.102373794793291], "CNTR_N01/330e1": [11, 0.12621354693984], "CNTR_N01/332k1": [12, 0.107655444318397], "CNTR_N01/332v1": [13, 0.198185526774997], "CNTR_N02/002a1": [14, 0.074505165890801], "CNTR_N02/014c1": [15, 0.505365485405786], "CNTR_N02/014j1": [16, 0.106344465463451], "CNTR_N02/014j2": [17, 0.106085784782228], "CNTR_N02/015a1": [18, 0.09846232661335], "CNTR_N02/015d1": [19, 0.087793534784748], "CNTR_N02/015d2": [20, 0.086882027371106], "CNTR_N02/017d1": [21, 0.063933460293589], "CNTR_N02/017d2": [22, 0.063627506220596], "CNTR_N02/017e1": [23, 0.140338585030259], "CNTR_N02/017g1": [24, 0.124764605178095], "CNTR_N02/018f1": [25, 0.229319333763395], "CNTR_N02/018g1": [26, 0.216860240213967], "CNTR_N02/020a1": [27, 0.100739342209297], "CNTR_N02/020b1": [28, 0.072428682587728], "CNTR_N02/020c1": [29, 0.100700330056857], "CNTR_N02/020k1": [30, 0.329376551538579], "CNTR_N02/021a1": [31, 0.105068831315653], "CNTR_N02/021a2": [32, 0.103567106214843], "CNTR_N02/038f1": [33, 0.154405098156156], "CNTR_N02/045a1": [34, 0.137047456770648], "CNTR_N02/046a1": [35, 0.090769912985652], "CNTR_N02/046a2": [36, 0.092633718928846], "CNTR_N02/048g1": [37, 0.070137299742273], "CNTR_N02/048h1": [38, 0.049531430370631], "CNTR_N02/050a1": [39, 0.066332640563096], "CNTR_N02/050b1": [40, 0.09457449578705], "CNTR_N02/052b1": [41, 0.072166927645939], "CNTR_N02/053b1": [42, 0.105362391553986], "CNTR_N02/053b2": [43, 0.104522456605498], "CNTR_N02/055e1": [44, 0.093874436319049], "CNTR_N02/063e1": [45, 0.322740614656294], "CNTR_N02/063g1": [46, 0.221498642717327], "CNTR_N02/063x1": [47, 0.329376551538579], "CNTR_N02/064a1": [48, 0.129322930239021], "CNTR_N02/064f1": [49, 0.085502673675301], "CNTR_N02/078a1": [50, 0.369392306709024], "CNTR_N02/078d1": [51, 0.340780895902341], "CNTR_N02/078e1": [52, 0.205073796950527], "CNTR_N02/078f1": [53, 0.366205458643519], "CNTR_N02/078x1": [54, 0.361573428899797], "CNTR_N02/086a1": [55, 0.125251473039746], "CNTR_N02/086a2": [56, 0.123308205674264], "CNTR_N02/087a1": [57, 0.074029695042192], "CNTR_N02/087a2": [58, 0.074727191946081], "CNTR_N02/088e1": [59, 0.123274482649625], "CNTR_N02/088e2": [60, 0.123498345148891], "CNTR_N02/089e2": [61, 0.27139094104415], "CNTR_N02/123d1": [62, 0.226672210883449], "CNTR_N02/143b1": [63, 0.036755273402597], "CNTR_N02/144a1": [64, 0.073052122638989], "CNTR_N02/144b1": [65, 0.122263693613791], "CNTR_N02/169d1": [66, 0.105401365810959], "CNTR_N02/170c1": [67, 0.064183966322497], "CNTR_N02/170q1": [68, 0.654947750445472], "CNTR_N02/223a1": [69, 0.044809674922511], "CNTR_N02/223d1": [70, 0.187005448455937], "CNTR_N02/223f1": [71, 0.201006070488546], "CNTR_N02/223w1": [72, 0.142058800501672], "CNTR_N02/229a1": [73, 0.063892201634166], "CNTR_N02/235c1": [74, 0.052846124158272], "CNTR_N02/253r1": [75, 0.091932508741272], "CNTR_N02/280a1": [76, 0.106933525144806], "CNTR_N03/006a1": [77, 0.283886235884058], "CNTR_N03/032b1": [78, 0.160067101644333], "CNTR_N03/032c1": [79, 0.361573428899797], "CNTR_N03/032d1": [80, 0.058612146547312], "CNTR_N03/032x1": [81, 0.259784439352842], "CNTR_N03/032y1": [82, 0.369392306709024], "CNTR_N03/032z1": [83, 0.254475399667719], "CNTR_N03/149a1": [84, 0.064516370823301], "CNTR_N03/164a1": [85, 0.149575869189269], "CNTR_N03/164b1": [86, 0.213132265049444], "CNTR_N03/164x1": [87, 0.209551441056184]}