{"K10D11": [0, 0.073527516921304], "K10D12": [1, 0.072993633246372], "K10D13": [2, 0.334323909910139], "K10D14": [3, 0.334342756644782], "K11D11": [4, 0.079290756479467], "K11D12": [5, 0.068109740794636], "K11D14": [6, 0.081158438197118], "K11D16": [7, 0.231564461737655], "K11D17": [8, 0.029998361517564], "K11D19": [9, 0.234427530551165], "K12D11": [10, 0.103015775482839], "K12D12": [11, 0.130819155404772], "K12D14": [12, 0.047788383320273], "K12D16": [13, 0.306389121945257], "K12D17": [14, 0.081194838661134], "K13D11": [15, 0.111931111454962], "K13D12": [16, 0.104880319406225], "K13D13": [17, 0.08235594949151], "K13D14": [18, 0.080209607199783], "K13D15": [19, 0.043349071530902], "K13D16": [20, 0.258037048365927], "K20D11": [21, 0.13982698472912], "K20D12": [22, 0.070870407578893], "K35D11": [23, 0.149773933299943], "K35D12": [24, 0.150083337727535], "K35D13": [25, 0.064542656615879], "K35D14": [26, 0.070545678262054], "K35D15": [27, 0.381544963839523], "K35D16": [28, 0.379062738573447], "K35D17": [29, 0.219432037013956], "K35D18": [30, 0.14439564730903], "K35D19": [31, 0.144473482761797], "K35D20": [32, 0.376673013784086], "K36D11": [33, 0.035061735576317], "K36D12": [34, 0.033421229246253], "K36D13": [35, 0.197255253111868], "K36D14": [36, 0.144424530385828], "K36D15": [37, 0.061051715599123], "K36D16": [38, 0.214085800243567], "K36D17": [39, 0.213537560352098], "K36D18": [40, 0.108863108671733], "K36D19": [41, 0.109957585776131], "K36D20": [42, 0.111953767521072], "K36D21": [43, 0.197247911174959], "K38D11": [44, 0.176827929958034], "K38D12": [45, 0.467217589489678], "K38D13": [46, 0.480251791993779], "K39D11": [47, 0.292914406942722], "K39D13": [48, 0.271468676428938], "K3D11": [49, 0.155869144218987], "K3D12": [50, 0.156530440376496], "K3D13": [51, 0.094245155405452], "K3D14": [52, 0.163703990970459], "K3D15": [53, 0.136715691492852], "K3D16": [54, 0.204860587594888], "K3D17": [55, 0.234652313682487], "K3D18": [56, 0.116990628202282], "K3D19": [57, 0.143632256531756], "K3D20": [58, 0.234497011578432], "K3D21": [59, 0.15894489398148], "K3D22": [60, 0.156572599139407], "K51D11": [61, 0.311811315444288], "K51D12": [62, 0.371080151336026], "K56D11": [63, 0.235757450955191], "K57D11": [64, 0.367398816263767], "K58D11": [65, 0.235149056005337], "K58D12": [66, 0.463999317129974], "K58D13": [67, 0.367574084517452], "K59D11": [68, 0.236930175769091], "K59D12": [69, 0.189522889425203], "K59D13": [70, 0.187229802018983], "K59D14": [71, 0.058306916230776], "K59D15": [72, 0.20146747561485], "K59D16": [73, 0.244526205467335], "K62D11": [74, 0.219388095369861], "K62D12": [75, 0.08466351225663], "K62D13": [76, 0.22133715726379], "K67D11": [77, 0.243727454478034], "K67D12": [78, 0.243820693441757], "K67D13": [79, 0.245563583997374], "K67D14": [80, 0.245575338287219], "K67D15": [81, 0.255067522294215], "K67D16": [82, 0.262440637648296], "K67D17": [83, 0.059473949490677], "K67D18": [84, 0.052779901467661], "K67D19": [85, 0.054805079101121], "K67D20": [86, 0.543275550059263], "K67D21": [87, 0.22811003735959], "K67D22": [88, 0.266955513299272], "K70D11": [89, 0.343450848100957], "K70D12": [90, 0.233573543219401], "K70D13": [91, 0.066601521664091], "K70D14": [92, 0.38693405847542], "K71D11": [93, 0.236857383044222], "K71D12": [94, 0.244552908211796], "K71D13": [95, 0.054140324319516], "K7D11": [96, 0.106357769859772], "K8D11": [97, 0.234501209864984], "K8D12": [98, 0.093426019013964], "K8D14": [99, 0.105136959735623], "K8D15": [100, 0.104712505595075], "K8D16": [101, 0.088378491499926], "K8D17": [102, 0.045941146113034], "K8D18": [103, 0.045934426020698], "K8D19": [104, 0.065080639633257], "K8D20": [105, 0.235968359599021]}